"Povpreène meseène bruto plaèe po: SPOL, LETO, SKD DEJAVNOST , DOSEŽENA"
"IZOBRAZBA"

"Moški"
" ";"2008"
" ";" ";"A KMETIJSTVO IN LOV, GOZDARSTVO, RIBIŠTVO"
" ";" ";" ";"Izobrazba - SKUPAJ";1247
" ";" ";"B RUDARSTVO"
" ";" ";" ";"Izobrazba - SKUPAJ";1873
" ";" ";"C PREDELOVALNE DEJAVNOSTI"
" ";" ";" ";"Izobrazba - SKUPAJ";1318
" ";" ";"D OSKRBA Z ELEKTRIÈNO ENERGIJO, PLINOM IN PARO"
" ";" ";" ";"Izobrazba - SKUPAJ";1995
" ";" ";"E OSKRBA Z VODO, RAVNANJE Z ODPLAKAMI IN ODPADKI, SANIRANJE OKOLJA"
" ";" ";" ";"Izobrazba - SKUPAJ";1380
" ";" ";"F GRADBENIŠTVO"
" ";" ";" ";"Izobrazba - SKUPAJ";1114
" ";" ";"G TRGOVINA, VZDRŽEVANJE IN POPRAVILA MOTORNIH VOZIL"
" ";" ";" ";"Izobrazba - SKUPAJ";1433
" ";" ";"H PROMET IN SKLADIŠÈENJE"
" ";" ";" ";"Izobrazba - SKUPAJ";1344
" ";" ";"I GOSTINSTVO"
" ";" ";" ";"Izobrazba - SKUPAJ";1098
" ";" ";"J INFORMACIJSKE IN KOMUNIKACIJSKE DEJAVNOSTI"
" ";" ";" ";"Izobrazba - SKUPAJ";2186
" ";" ";"K FINANÈNE IN ZAVAROVALNIŠKE DEJAVNOSTI"
" ";" ";" ";"Izobrazba - SKUPAJ";2859
" ";" ";"L POSLOVANJE Z NEPREMIÈNINAMI"
" ";" ";" ";"Izobrazba - SKUPAJ";1565
" ";" ";"M STROKOVNE, ZNANSTVENE IN TEHNIÈNE DEJAVNOSTI"
" ";" ";" ";"Izobrazba - SKUPAJ";1867
" ";" ";"N DRUGE RAZNOVRSTNE POSLOVNE DEJAVNOSTI"
" ";" ";" ";"Izobrazba - SKUPAJ";1086
" ";" ";"O DEJAVNOST JAVNE UPRAVE IN OBRAMBE, DEJAVNOST OBVEZNE SOCIALNE VARNOSTI"
" ";" ";" ";"Izobrazba - SKUPAJ";1806
" ";" ";"P IZOBRAŽEVANJE"
" ";" ";" ";"Izobrazba - SKUPAJ";1996
" ";" ";"Q ZDRAVSTVO IN SOCIALNO VARSTVO"
" ";" ";" ";"Izobrazba - SKUPAJ";2123
" ";" ";"R KULTURNE, RAZVEDRILNE IN REKREACIJSKE DEJAVNOSTI"
" ";" ";" ";"Izobrazba - SKUPAJ";1860
" ";" ";"S DRUGE DEJAVNOSTI"
" ";" ";" ";"Izobrazba - SKUPAJ";1461
" ";" ";"T DEJAVNOST GOSPODINJSTEV Z ZAPOSLENIM HIŠNIM OSEBJEM, PROIZVODNJA ZA LASTNO RABO"
" ";" ";" ";"Izobrazba - SKUPAJ";-
" ";" ";"U DEJAVNOST EKSTERITORIALNIH ORGANIZACIJ IN TELES"
" ";" ";" ";"Izobrazba - SKUPAJ";-
" ";"2009"
" ";" ";"A KMETIJSTVO IN LOV, GOZDARSTVO, RIBIŠTVO"
" ";" ";" ";"Izobrazba - SKUPAJ";1255
" ";" ";"B RUDARSTVO"
" ";" ";" ";"Izobrazba - SKUPAJ";1923
" ";" ";"C PREDELOVALNE DEJAVNOSTI"
" ";" ";" ";"Izobrazba - SKUPAJ";1309
" ";" ";"D OSKRBA Z ELEKTRIÈNO ENERGIJO, PLINOM IN PARO"
" ";" ";" ";"Izobrazba - SKUPAJ";2079
" ";" ";"E OSKRBA Z VODO, RAVNANJE Z ODPLAKAMI IN ODPADKI, SANIRANJE OKOLJA"
" ";" ";" ";"Izobrazba - SKUPAJ";1398
" ";" ";"F GRADBENIŠTVO"
" ";" ";" ";"Izobrazba - SKUPAJ";1093
" ";" ";"G TRGOVINA, VZDRŽEVANJE IN POPRAVILA MOTORNIH VOZIL"
" ";" ";" ";"Izobrazba - SKUPAJ";1443
" ";" ";"H PROMET IN SKLADIŠÈENJE"
" ";" ";" ";"Izobrazba - SKUPAJ";1332
" ";" ";"I GOSTINSTVO"
" ";" ";" ";"Izobrazba - SKUPAJ";1099
" ";" ";"J INFORMACIJSKE IN KOMUNIKACIJSKE DEJAVNOSTI"
" ";" ";" ";"Izobrazba - SKUPAJ";2215
" ";" ";"K FINANÈNE IN ZAVAROVALNIŠKE DEJAVNOSTI"
" ";" ";" ";"Izobrazba - SKUPAJ";2726
" ";" ";"L POSLOVANJE Z NEPREMIÈNINAMI"
" ";" ";" ";"Izobrazba - SKUPAJ";1536
" ";" ";"M STROKOVNE, ZNANSTVENE IN TEHNIÈNE DEJAVNOSTI"
" ";" ";" ";"Izobrazba - SKUPAJ";1901
" ";" ";"N DRUGE RAZNOVRSTNE POSLOVNE DEJAVNOSTI"
" ";" ";" ";"Izobrazba - SKUPAJ";1075
" ";" ";"O DEJAVNOST JAVNE UPRAVE IN OBRAMBE, DEJAVNOST OBVEZNE SOCIALNE VARNOSTI"
" ";" ";" ";"Izobrazba - SKUPAJ";1941
" ";" ";"P IZOBRAŽEVANJE"
" ";" ";" ";"Izobrazba - SKUPAJ";2088
" ";" ";"Q ZDRAVSTVO IN SOCIALNO VARSTVO"
" ";" ";" ";"Izobrazba - SKUPAJ";2398
" ";" ";"R KULTURNE, RAZVEDRILNE IN REKREACIJSKE DEJAVNOSTI"
" ";" ";" ";"Izobrazba - SKUPAJ";1929
" ";" ";"S DRUGE DEJAVNOSTI"
" ";" ";" ";"Izobrazba - SKUPAJ";1524
" ";" ";"T DEJAVNOST GOSPODINJSTEV Z ZAPOSLENIM HIŠNIM OSEBJEM, PROIZVODNJA ZA LASTNO RABO"
" ";" ";" ";"Izobrazba - SKUPAJ";-
" ";" ";"U DEJAVNOST EKSTERITORIALNIH ORGANIZACIJ IN TELES"
" ";" ";" ";"Izobrazba - SKUPAJ";-
" ";"2010"
" ";" ";"A KMETIJSTVO IN LOV, GOZDARSTVO, RIBIŠTVO"
" ";" ";" ";"Izobrazba - SKUPAJ";1303
" ";" ";"B RUDARSTVO"
" ";" ";" ";"Izobrazba - SKUPAJ";1966
" ";" ";"C PREDELOVALNE DEJAVNOSTI"
" ";" ";" ";"Izobrazba - SKUPAJ";1419
" ";" ";"D OSKRBA Z ELEKTRIÈNO ENERGIJO, PLINOM IN PARO"
" ";" ";" ";"Izobrazba - SKUPAJ";2141
" ";" ";"E OSKRBA Z VODO, RAVNANJE Z ODPLAKAMI IN ODPADKI, SANIRANJE OKOLJA"
" ";" ";" ";"Izobrazba - SKUPAJ";1434
" ";" ";"F GRADBENIŠTVO"
" ";" ";" ";"Izobrazba - SKUPAJ";1142
" ";" ";"G TRGOVINA, VZDRŽEVANJE IN POPRAVILA MOTORNIH VOZIL"
" ";" ";" ";"Izobrazba - SKUPAJ";1486
" ";" ";"H PROMET IN SKLADIŠÈENJE"
" ";" ";" ";"Izobrazba - SKUPAJ";1368
" ";" ";"I GOSTINSTVO"
" ";" ";" ";"Izobrazba - SKUPAJ";1149
" ";" ";"J INFORMACIJSKE IN KOMUNIKACIJSKE DEJAVNOSTI"
" ";" ";" ";"Izobrazba - SKUPAJ";2264
" ";" ";"K FINANÈNE IN ZAVAROVALNIŠKE DEJAVNOSTI"
" ";" ";" ";"Izobrazba - SKUPAJ";2706
" ";" ";"L POSLOVANJE Z NEPREMIÈNINAMI"
" ";" ";" ";"Izobrazba - SKUPAJ";1556
" ";" ";"M STROKOVNE, ZNANSTVENE IN TEHNIÈNE DEJAVNOSTI"
" ";" ";" ";"Izobrazba - SKUPAJ";1938
" ";" ";"N DRUGE RAZNOVRSTNE POSLOVNE DEJAVNOSTI"
" ";" ";" ";"Izobrazba - SKUPAJ";1096
" ";" ";"O DEJAVNOST JAVNE UPRAVE IN OBRAMBE, DEJAVNOST OBVEZNE SOCIALNE VARNOSTI"
" ";" ";" ";"Izobrazba - SKUPAJ";1905
" ";" ";"P IZOBRAŽEVANJE"
" ";" ";" ";"Izobrazba - SKUPAJ";2118
" ";" ";"Q ZDRAVSTVO IN SOCIALNO VARSTVO"
" ";" ";" ";"Izobrazba - SKUPAJ";2358
" ";" ";"R KULTURNE, RAZVEDRILNE IN REKREACIJSKE DEJAVNOSTI"
" ";" ";" ";"Izobrazba - SKUPAJ";1886
" ";" ";"S DRUGE DEJAVNOSTI"
" ";" ";" ";"Izobrazba - SKUPAJ";1586
" ";" ";"T DEJAVNOST GOSPODINJSTEV Z ZAPOSLENIM HIŠNIM OSEBJEM, PROIZVODNJA ZA LASTNO RABO"
" ";" ";" ";"Izobrazba - SKUPAJ";-
" ";" ";"U DEJAVNOST EKSTERITORIALNIH ORGANIZACIJ IN TELES"
" ";" ";" ";"Izobrazba - SKUPAJ";-
" ";"2011"
" ";" ";"A KMETIJSTVO IN LOV, GOZDARSTVO, RIBIŠTVO"
" ";" ";" ";"Izobrazba - SKUPAJ";1352
" ";" ";"B RUDARSTVO"
" ";" ";" ";"Izobrazba - SKUPAJ";2057
" ";" ";"C PREDELOVALNE DEJAVNOSTI"
" ";" ";" ";"Izobrazba - SKUPAJ";1484
" ";" ";"D OSKRBA Z ELEKTRIÈNO ENERGIJO, PLINOM IN PARO"
" ";" ";" ";"Izobrazba - SKUPAJ";2216
" ";" ";"E OSKRBA Z VODO, RAVNANJE Z ODPLAKAMI IN ODPADKI, SANIRANJE OKOLJA"
" ";" ";" ";"Izobrazba - SKUPAJ";1445
" ";" ";"F GRADBENIŠTVO"
" ";" ";" ";"Izobrazba - SKUPAJ";1183
" ";" ";"G TRGOVINA, VZDRŽEVANJE IN POPRAVILA MOTORNIH VOZIL"
" ";" ";" ";"Izobrazba - SKUPAJ";1537
" ";" ";"H PROMET IN SKLADIŠÈENJE"
" ";" ";" ";"Izobrazba - SKUPAJ";1366
" ";" ";"I GOSTINSTVO"
" ";" ";" ";"Izobrazba - SKUPAJ";1178
" ";" ";"J INFORMACIJSKE IN KOMUNIKACIJSKE DEJAVNOSTI"
" ";" ";" ";"Izobrazba - SKUPAJ";2219
" ";" ";"K FINANÈNE IN ZAVAROVALNIŠKE DEJAVNOSTI"
" ";" ";" ";"Izobrazba - SKUPAJ";2711
" ";" ";"L POSLOVANJE Z NEPREMIÈNINAMI"
" ";" ";" ";"Izobrazba - SKUPAJ";1630
" ";" ";"M STROKOVNE, ZNANSTVENE IN TEHNIÈNE DEJAVNOSTI"
" ";" ";" ";"Izobrazba - SKUPAJ";1960
" ";" ";"N DRUGE RAZNOVRSTNE POSLOVNE DEJAVNOSTI"
" ";" ";" ";"Izobrazba - SKUPAJ";1139
" ";" ";"O DEJAVNOST JAVNE UPRAVE IN OBRAMBE, DEJAVNOST OBVEZNE SOCIALNE VARNOSTI"
" ";" ";" ";"Izobrazba - SKUPAJ";1910
" ";" ";"P IZOBRAŽEVANJE"
" ";" ";" ";"Izobrazba - SKUPAJ";2125
" ";" ";"Q ZDRAVSTVO IN SOCIALNO VARSTVO"
" ";" ";" ";"Izobrazba - SKUPAJ";2320
" ";" ";"R KULTURNE, RAZVEDRILNE IN REKREACIJSKE DEJAVNOSTI"
" ";" ";" ";"Izobrazba - SKUPAJ";1892
" ";" ";"S DRUGE DEJAVNOSTI"
" ";" ";" ";"Izobrazba - SKUPAJ";1619
" ";" ";"T DEJAVNOST GOSPODINJSTEV Z ZAPOSLENIM HIŠNIM OSEBJEM, PROIZVODNJA ZA LASTNO RABO"
" ";" ";" ";"Izobrazba - SKUPAJ";-
" ";" ";"U DEJAVNOST EKSTERITORIALNIH ORGANIZACIJ IN TELES"
" ";" ";" ";"Izobrazba - SKUPAJ";-
" ";"2012"
" ";" ";"A KMETIJSTVO IN LOV, GOZDARSTVO, RIBIŠTVO"
" ";" ";" ";"Izobrazba - SKUPAJ";1349
" ";" ";"B RUDARSTVO"
" ";" ";" ";"Izobrazba - SKUPAJ";2167
" ";" ";"C PREDELOVALNE DEJAVNOSTI"
" ";" ";" ";"Izobrazba - SKUPAJ";1525
" ";" ";"D OSKRBA Z ELEKTRIÈNO ENERGIJO, PLINOM IN PARO"
" ";" ";" ";"Izobrazba - SKUPAJ";2332
" ";" ";"E OSKRBA Z VODO, RAVNANJE Z ODPLAKAMI IN ODPADKI, SANIRANJE OKOLJA"
" ";" ";" ";"Izobrazba - SKUPAJ";1457
" ";" ";"F GRADBENIŠTVO"
" ";" ";" ";"Izobrazba - SKUPAJ";1205
" ";" ";"G TRGOVINA, VZDRŽEVANJE IN POPRAVILA MOTORNIH VOZIL"
" ";" ";" ";"Izobrazba - SKUPAJ";1559
" ";" ";"H PROMET IN SKLADIŠÈENJE"
" ";" ";" ";"Izobrazba - SKUPAJ";1397
" ";" ";"I GOSTINSTVO"
" ";" ";" ";"Izobrazba - SKUPAJ";1190
" ";" ";"J INFORMACIJSKE IN KOMUNIKACIJSKE DEJAVNOSTI"
" ";" ";" ";"Izobrazba - SKUPAJ";2313
" ";" ";"K FINANÈNE IN ZAVAROVALNIŠKE DEJAVNOSTI"
" ";" ";" ";"Izobrazba - SKUPAJ";2717
" ";" ";"L POSLOVANJE Z NEPREMIÈNINAMI"
" ";" ";" ";"Izobrazba - SKUPAJ";1622
" ";" ";"M STROKOVNE, ZNANSTVENE IN TEHNIÈNE DEJAVNOSTI"
" ";" ";" ";"Izobrazba - SKUPAJ";1979
" ";" ";"N DRUGE RAZNOVRSTNE POSLOVNE DEJAVNOSTI"
" ";" ";" ";"Izobrazba - SKUPAJ";1146
" ";" ";"O DEJAVNOST JAVNE UPRAVE IN OBRAMBE, DEJAVNOST OBVEZNE SOCIALNE VARNOSTI"
" ";" ";" ";"Izobrazba - SKUPAJ";1851
" ";" ";"P IZOBRAŽEVANJE"
" ";" ";" ";"Izobrazba - SKUPAJ";2063
" ";" ";"Q ZDRAVSTVO IN SOCIALNO VARSTVO"
" ";" ";" ";"Izobrazba - SKUPAJ";2280
" ";" ";"R KULTURNE, RAZVEDRILNE IN REKREACIJSKE DEJAVNOSTI"
" ";" ";" ";"Izobrazba - SKUPAJ";1825
" ";" ";"S DRUGE DEJAVNOSTI"
" ";" ";" ";"Izobrazba - SKUPAJ";1625
" ";" ";"T DEJAVNOST GOSPODINJSTEV Z ZAPOSLENIM HIŠNIM OSEBJEM, PROIZVODNJA ZA LASTNO RABO"
" ";" ";" ";"Izobrazba - SKUPAJ";-
" ";" ";"U DEJAVNOST EKSTERITORIALNIH ORGANIZACIJ IN TELES"
" ";" ";" ";"Izobrazba - SKUPAJ";-
" ";"2013"
" ";" ";"A KMETIJSTVO IN LOV, GOZDARSTVO, RIBIŠTVO"
" ";" ";" ";"Izobrazba - SKUPAJ";1339
" ";" ";"B RUDARSTVO"
" ";" ";" ";"Izobrazba - SKUPAJ";2091
" ";" ";"C PREDELOVALNE DEJAVNOSTI"
" ";" ";" ";"Izobrazba - SKUPAJ";1546
" ";" ";"D OSKRBA Z ELEKTRIÈNO ENERGIJO, PLINOM IN PARO"
" ";" ";" ";"Izobrazba - SKUPAJ";2342
" ";" ";"E OSKRBA Z VODO, RAVNANJE Z ODPLAKAMI IN ODPADKI, SANIRANJE OKOLJA"
" ";" ";" ";"Izobrazba - SKUPAJ";1461
" ";" ";"F GRADBENIŠTVO"
" ";" ";" ";"Izobrazba - SKUPAJ";1224
" ";" ";"G TRGOVINA, VZDRŽEVANJE IN POPRAVILA MOTORNIH VOZIL"
" ";" ";" ";"Izobrazba - SKUPAJ";1559
" ";" ";"H PROMET IN SKLADIŠÈENJE"
" ";" ";" ";"Izobrazba - SKUPAJ";1416
" ";" ";"I GOSTINSTVO"
" ";" ";" ";"Izobrazba - SKUPAJ";1195
" ";" ";"J INFORMACIJSKE IN KOMUNIKACIJSKE DEJAVNOSTI"
" ";" ";" ";"Izobrazba - SKUPAJ";2276
" ";" ";"K FINANÈNE IN ZAVAROVALNIŠKE DEJAVNOSTI"
" ";" ";" ";"Izobrazba - SKUPAJ";2696
" ";" ";"L POSLOVANJE Z NEPREMIÈNINAMI"
" ";" ";" ";"Izobrazba - SKUPAJ";1611
" ";" ";"M STROKOVNE, ZNANSTVENE IN TEHNIÈNE DEJAVNOSTI"
" ";" ";" ";"Izobrazba - SKUPAJ";1936
" ";" ";"N DRUGE RAZNOVRSTNE POSLOVNE DEJAVNOSTI"
" ";" ";" ";"Izobrazba - SKUPAJ";1139
" ";" ";"O DEJAVNOST JAVNE UPRAVE IN OBRAMBE, DEJAVNOST OBVEZNE SOCIALNE VARNOSTI"
" ";" ";" ";"Izobrazba - SKUPAJ";1847
" ";" ";"P IZOBRAŽEVANJE"
" ";" ";" ";"Izobrazba - SKUPAJ";1990
" ";" ";"Q ZDRAVSTVO IN SOCIALNO VARSTVO"
" ";" ";" ";"Izobrazba - SKUPAJ";2217
" ";" ";"R KULTURNE, RAZVEDRILNE IN REKREACIJSKE DEJAVNOSTI"
" ";" ";" ";"Izobrazba - SKUPAJ";1774
" ";" ";"S DRUGE DEJAVNOSTI"
" ";" ";" ";"Izobrazba - SKUPAJ";1622
" ";" ";"T DEJAVNOST GOSPODINJSTEV Z ZAPOSLENIM HIŠNIM OSEBJEM, PROIZVODNJA ZA LASTNO RABO"
" ";" ";" ";"Izobrazba - SKUPAJ";-
" ";" ";"U DEJAVNOST EKSTERITORIALNIH ORGANIZACIJ IN TELES"
" ";" ";" ";"Izobrazba - SKUPAJ";-
" ";"2014"
" ";" ";"A KMETIJSTVO IN LOV, GOZDARSTVO, RIBIŠTVO"
" ";" ";" ";"Izobrazba - SKUPAJ";1380
" ";" ";"B RUDARSTVO"
" ";" ";" ";"Izobrazba - SKUPAJ";2221
" ";" ";"C PREDELOVALNE DEJAVNOSTI"
" ";" ";" ";"Izobrazba - SKUPAJ";1600
" ";" ";"D OSKRBA Z ELEKTRIÈNO ENERGIJO, PLINOM IN PARO"
" ";" ";" ";"Izobrazba - SKUPAJ";2439
" ";" ";"E OSKRBA Z VODO, RAVNANJE Z ODPLAKAMI IN ODPADKI, SANIRANJE OKOLJA"
" ";" ";" ";"Izobrazba - SKUPAJ";1486
" ";" ";"F GRADBENIŠTVO"
" ";" ";" ";"Izobrazba - SKUPAJ";1248
" ";" ";"G TRGOVINA, VZDRŽEVANJE IN POPRAVILA MOTORNIH VOZIL"
" ";" ";" ";"Izobrazba - SKUPAJ";1593
" ";" ";"H PROMET IN SKLADIŠÈENJE"
" ";" ";" ";"Izobrazba - SKUPAJ";1458
" ";" ";"I GOSTINSTVO"
" ";" ";" ";"Izobrazba - SKUPAJ";1205
" ";" ";"J INFORMACIJSKE IN KOMUNIKACIJSKE DEJAVNOSTI"
" ";" ";" ";"Izobrazba - SKUPAJ";2289
" ";" ";"K FINANÈNE IN ZAVAROVALNIŠKE DEJAVNOSTI"
" ";" ";" ";"Izobrazba - SKUPAJ";2764
" ";" ";"L POSLOVANJE Z NEPREMIÈNINAMI"
" ";" ";" ";"Izobrazba - SKUPAJ";1637
" ";" ";"M STROKOVNE, ZNANSTVENE IN TEHNIÈNE DEJAVNOSTI"
" ";" ";" ";"Izobrazba - SKUPAJ";1952
" ";" ";"N DRUGE RAZNOVRSTNE POSLOVNE DEJAVNOSTI"
" ";" ";" ";"Izobrazba - SKUPAJ";1176
" ";" ";"O DEJAVNOST JAVNE UPRAVE IN OBRAMBE, DEJAVNOST OBVEZNE SOCIALNE VARNOSTI"
" ";" ";" ";"Izobrazba - SKUPAJ";1855
" ";" ";"P IZOBRAŽEVANJE"
" ";" ";" ";"Izobrazba - SKUPAJ";2024
" ";" ";"Q ZDRAVSTVO IN SOCIALNO VARSTVO"
" ";" ";" ";"Izobrazba - SKUPAJ";2283
" ";" ";"R KULTURNE, RAZVEDRILNE IN REKREACIJSKE DEJAVNOSTI"
" ";" ";" ";"Izobrazba - SKUPAJ";1809
" ";" ";"S DRUGE DEJAVNOSTI"
" ";" ";" ";"Izobrazba - SKUPAJ";1610
" ";" ";"T DEJAVNOST GOSPODINJSTEV Z ZAPOSLENIM HIŠNIM OSEBJEM, PROIZVODNJA ZA LASTNO RABO"
" ";" ";" ";"Izobrazba - SKUPAJ";-
" ";" ";"U DEJAVNOST EKSTERITORIALNIH ORGANIZACIJ IN TELES"
" ";" ";" ";"Izobrazba - SKUPAJ";-
" ";"2015"
" ";" ";"A KMETIJSTVO IN LOV, GOZDARSTVO, RIBIŠTVO"
" ";" ";" ";"Izobrazba - SKUPAJ";1388
" ";" ";"B RUDARSTVO"
" ";" ";" ";"Izobrazba - SKUPAJ";2132
" ";" ";"C PREDELOVALNE DEJAVNOSTI"
" ";" ";" ";"Izobrazba - SKUPAJ";1644
" ";" ";"D OSKRBA Z ELEKTRIÈNO ENERGIJO, PLINOM IN PARO"
" ";" ";" ";"Izobrazba - SKUPAJ";2405
" ";" ";"E OSKRBA Z VODO, RAVNANJE Z ODPLAKAMI IN ODPADKI, SANIRANJE OKOLJA"
" ";" ";" ";"Izobrazba - SKUPAJ";1504
" ";" ";"F GRADBENIŠTVO"
" ";" ";" ";"Izobrazba - SKUPAJ";1261
" ";" ";"G TRGOVINA, VZDRŽEVANJE IN POPRAVILA MOTORNIH VOZIL"
" ";" ";" ";"Izobrazba - SKUPAJ";1627
" ";" ";"H PROMET IN SKLADIŠÈENJE"
" ";" ";" ";"Izobrazba - SKUPAJ";1487
" ";" ";"I GOSTINSTVO"
" ";" ";" ";"Izobrazba - SKUPAJ";1221
" ";" ";"J INFORMACIJSKE IN KOMUNIKACIJSKE DEJAVNOSTI"
" ";" ";" ";"Izobrazba - SKUPAJ";2307
" ";" ";"K FINANÈNE IN ZAVAROVALNIŠKE DEJAVNOSTI"
" ";" ";" ";"Izobrazba - SKUPAJ";2821
" ";" ";"L POSLOVANJE Z NEPREMIÈNINAMI"
" ";" ";" ";"Izobrazba - SKUPAJ";1643
" ";" ";"M STROKOVNE, ZNANSTVENE IN TEHNIÈNE DEJAVNOSTI"
" ";" ";" ";"Izobrazba - SKUPAJ";1964
" ";" ";"N DRUGE RAZNOVRSTNE POSLOVNE DEJAVNOSTI"
" ";" ";" ";"Izobrazba - SKUPAJ";1202
" ";" ";"O DEJAVNOST JAVNE UPRAVE IN OBRAMBE, DEJAVNOST OBVEZNE SOCIALNE VARNOSTI"
" ";" ";" ";"Izobrazba - SKUPAJ";1870
" ";" ";"P IZOBRAŽEVANJE"
" ";" ";" ";"Izobrazba - SKUPAJ";2021
" ";" ";"Q ZDRAVSTVO IN SOCIALNO VARSTVO"
" ";" ";" ";"Izobrazba - SKUPAJ";2218
" ";" ";"R KULTURNE, RAZVEDRILNE IN REKREACIJSKE DEJAVNOSTI"
" ";" ";" ";"Izobrazba - SKUPAJ";1775
" ";" ";"S DRUGE DEJAVNOSTI"
" ";" ";" ";"Izobrazba - SKUPAJ";1607
" ";" ";"T DEJAVNOST GOSPODINJSTEV Z ZAPOSLENIM HIŠNIM OSEBJEM, PROIZVODNJA ZA LASTNO RABO"
" ";" ";" ";"Izobrazba - SKUPAJ";-
" ";" ";"U DEJAVNOST EKSTERITORIALNIH ORGANIZACIJ IN TELES"
" ";" ";" ";"Izobrazba - SKUPAJ";-
" ";"2016"
" ";" ";"A KMETIJSTVO IN LOV, GOZDARSTVO, RIBIŠTVO"
" ";" ";" ";"Izobrazba - SKUPAJ";1344
" ";" ";"B RUDARSTVO"
" ";" ";" ";"Izobrazba - SKUPAJ";2184
" ";" ";"C PREDELOVALNE DEJAVNOSTI"
" ";" ";" ";"Izobrazba - SKUPAJ";1676
" ";" ";"D OSKRBA Z ELEKTRIÈNO ENERGIJO, PLINOM IN PARO"
" ";" ";" ";"Izobrazba - SKUPAJ";2437
" ";" ";"E OSKRBA Z VODO, RAVNANJE Z ODPLAKAMI IN ODPADKI, SANIRANJE OKOLJA"
" ";" ";" ";"Izobrazba - SKUPAJ";1521
" ";" ";"F GRADBENIŠTVO"
" ";" ";" ";"Izobrazba - SKUPAJ";1275
" ";" ";"G TRGOVINA, VZDRŽEVANJE IN POPRAVILA MOTORNIH VOZIL"
" ";" ";" ";"Izobrazba - SKUPAJ";1664
" ";" ";"H PROMET IN SKLADIŠÈENJE"
" ";" ";" ";"Izobrazba - SKUPAJ";1486
" ";" ";"I GOSTINSTVO"
" ";" ";" ";"Izobrazba - SKUPAJ";1248
" ";" ";"J INFORMACIJSKE IN KOMUNIKACIJSKE DEJAVNOSTI"
" ";" ";" ";"Izobrazba - SKUPAJ";2330
" ";" ";"K FINANÈNE IN ZAVAROVALNIŠKE DEJAVNOSTI"
" ";" ";" ";"Izobrazba - SKUPAJ";2827
" ";" ";"L POSLOVANJE Z NEPREMIÈNINAMI"
" ";" ";" ";"Izobrazba - SKUPAJ";1626
" ";" ";"M STROKOVNE, ZNANSTVENE IN TEHNIÈNE DEJAVNOSTI"
" ";" ";" ";"Izobrazba - SKUPAJ";1979
" ";" ";"N DRUGE RAZNOVRSTNE POSLOVNE DEJAVNOSTI"
" ";" ";" ";"Izobrazba - SKUPAJ";1237
" ";" ";"O DEJAVNOST JAVNE UPRAVE IN OBRAMBE, DEJAVNOST OBVEZNE SOCIALNE VARNOSTI"
" ";" ";" ";"Izobrazba - SKUPAJ";2001
" ";" ";"P IZOBRAŽEVANJE"
" ";" ";" ";"Izobrazba - SKUPAJ";2043
" ";" ";"Q ZDRAVSTVO IN SOCIALNO VARSTVO"
" ";" ";" ";"Izobrazba - SKUPAJ";2268
" ";" ";"R KULTURNE, RAZVEDRILNE IN REKREACIJSKE DEJAVNOSTI"
" ";" ";" ";"Izobrazba - SKUPAJ";1839
" ";" ";"S DRUGE DEJAVNOSTI"
" ";" ";" ";"Izobrazba - SKUPAJ";1609
" ";" ";"T DEJAVNOST GOSPODINJSTEV Z ZAPOSLENIM HIŠNIM OSEBJEM, PROIZVODNJA ZA LASTNO RABO"
" ";" ";" ";"Izobrazba - SKUPAJ";-
" ";" ";"U DEJAVNOST EKSTERITORIALNIH ORGANIZACIJ IN TELES"
" ";" ";" ";"Izobrazba - SKUPAJ";-
"Ženske"
" ";"2008"
" ";" ";"A KMETIJSTVO IN LOV, GOZDARSTVO, RIBIŠTVO"
" ";" ";" ";"Izobrazba - SKUPAJ";1079
" ";" ";"B RUDARSTVO"
" ";" ";" ";"Izobrazba - SKUPAJ";1602
" ";" ";"C PREDELOVALNE DEJAVNOSTI"
" ";" ";" ";"Izobrazba - SKUPAJ";1059
" ";" ";"D OSKRBA Z ELEKTRIÈNO ENERGIJO, PLINOM IN PARO"
" ";" ";" ";"Izobrazba - SKUPAJ";1794
" ";" ";"E OSKRBA Z VODO, RAVNANJE Z ODPLAKAMI IN ODPADKI, SANIRANJE OKOLJA"
" ";" ";" ";"Izobrazba - SKUPAJ";1569
" ";" ";"F GRADBENIŠTVO"
" ";" ";" ";"Izobrazba - SKUPAJ";1368
" ";" ";"G TRGOVINA, VZDRŽEVANJE IN POPRAVILA MOTORNIH VOZIL"
" ";" ";" ";"Izobrazba - SKUPAJ";1167
" ";" ";"H PROMET IN SKLADIŠÈENJE"
" ";" ";" ";"Izobrazba - SKUPAJ";1440
" ";" ";"I GOSTINSTVO"
" ";" ";" ";"Izobrazba - SKUPAJ";954
" ";" ";"J INFORMACIJSKE IN KOMUNIKACIJSKE DEJAVNOSTI"
" ";" ";" ";"Izobrazba - SKUPAJ";1829
" ";" ";"K FINANÈNE IN ZAVAROVALNIŠKE DEJAVNOSTI"
" ";" ";" ";"Izobrazba - SKUPAJ";1906
" ";" ";"L POSLOVANJE Z NEPREMIÈNINAMI"
" ";" ";" ";"Izobrazba - SKUPAJ";1371
" ";" ";"M STROKOVNE, ZNANSTVENE IN TEHNIÈNE DEJAVNOSTI"
" ";" ";" ";"Izobrazba - SKUPAJ";1612
" ";" ";"N DRUGE RAZNOVRSTNE POSLOVNE DEJAVNOSTI"
" ";" ";" ";"Izobrazba - SKUPAJ";883
" ";" ";"O DEJAVNOST JAVNE UPRAVE IN OBRAMBE, DEJAVNOST OBVEZNE SOCIALNE VARNOSTI"
" ";" ";" ";"Izobrazba - SKUPAJ";1648
" ";" ";"P IZOBRAŽEVANJE"
" ";" ";" ";"Izobrazba - SKUPAJ";1675
" ";" ";"Q ZDRAVSTVO IN SOCIALNO VARSTVO"
" ";" ";" ";"Izobrazba - SKUPAJ";1487
" ";" ";"R KULTURNE, RAZVEDRILNE IN REKREACIJSKE DEJAVNOSTI"
" ";" ";" ";"Izobrazba - SKUPAJ";1607
" ";" ";"S DRUGE DEJAVNOSTI"
" ";" ";" ";"Izobrazba - SKUPAJ";1099
" ";" ";"T DEJAVNOST GOSPODINJSTEV Z ZAPOSLENIM HIŠNIM OSEBJEM, PROIZVODNJA ZA LASTNO RABO"
" ";" ";" ";"Izobrazba - SKUPAJ";-
" ";" ";"U DEJAVNOST EKSTERITORIALNIH ORGANIZACIJ IN TELES"
" ";" ";" ";"Izobrazba - SKUPAJ";-
" ";"2009"
" ";" ";"A KMETIJSTVO IN LOV, GOZDARSTVO, RIBIŠTVO"
" ";" ";" ";"Izobrazba - SKUPAJ";1113
" ";" ";"B RUDARSTVO"
" ";" ";" ";"Izobrazba - SKUPAJ";1655
" ";" ";"C PREDELOVALNE DEJAVNOSTI"
" ";" ";" ";"Izobrazba - SKUPAJ";1107
" ";" ";"D OSKRBA Z ELEKTRIÈNO ENERGIJO, PLINOM IN PARO"
" ";" ";" ";"Izobrazba - SKUPAJ";1925
" ";" ";"E OSKRBA Z VODO, RAVNANJE Z ODPLAKAMI IN ODPADKI, SANIRANJE OKOLJA"
" ";" ";" ";"Izobrazba - SKUPAJ";1619
" ";" ";"F GRADBENIŠTVO"
" ";" ";" ";"Izobrazba - SKUPAJ";1381
" ";" ";"G TRGOVINA, VZDRŽEVANJE IN POPRAVILA MOTORNIH VOZIL"
" ";" ";" ";"Izobrazba - SKUPAJ";1201
" ";" ";"H PROMET IN SKLADIŠÈENJE"
" ";" ";" ";"Izobrazba - SKUPAJ";1479
" ";" ";"I GOSTINSTVO"
" ";" ";" ";"Izobrazba - SKUPAJ";973
" ";" ";"J INFORMACIJSKE IN KOMUNIKACIJSKE DEJAVNOSTI"
" ";" ";" ";"Izobrazba - SKUPAJ";1856
" ";" ";"K FINANÈNE IN ZAVAROVALNIŠKE DEJAVNOSTI"
" ";" ";" ";"Izobrazba - SKUPAJ";1925
" ";" ";"L POSLOVANJE Z NEPREMIÈNINAMI"
" ";" ";" ";"Izobrazba - SKUPAJ";1426
" ";" ";"M STROKOVNE, ZNANSTVENE IN TEHNIÈNE DEJAVNOSTI"
" ";" ";" ";"Izobrazba - SKUPAJ";1670
" ";" ";"N DRUGE RAZNOVRSTNE POSLOVNE DEJAVNOSTI"
" ";" ";" ";"Izobrazba - SKUPAJ";913
" ";" ";"O DEJAVNOST JAVNE UPRAVE IN OBRAMBE, DEJAVNOST OBVEZNE SOCIALNE VARNOSTI"
" ";" ";" ";"Izobrazba - SKUPAJ";1736
" ";" ";"P IZOBRAŽEVANJE"
" ";" ";" ";"Izobrazba - SKUPAJ";1754
" ";" ";"Q ZDRAVSTVO IN SOCIALNO VARSTVO"
" ";" ";" ";"Izobrazba - SKUPAJ";1679
" ";" ";"R KULTURNE, RAZVEDRILNE IN REKREACIJSKE DEJAVNOSTI"
" ";" ";" ";"Izobrazba - SKUPAJ";1693
" ";" ";"S DRUGE DEJAVNOSTI"
" ";" ";" ";"Izobrazba - SKUPAJ";1149
" ";" ";"T DEJAVNOST GOSPODINJSTEV Z ZAPOSLENIM HIŠNIM OSEBJEM, PROIZVODNJA ZA LASTNO RABO"
" ";" ";" ";"Izobrazba - SKUPAJ";-
" ";" ";"U DEJAVNOST EKSTERITORIALNIH ORGANIZACIJ IN TELES"
" ";" ";" ";"Izobrazba - SKUPAJ";-
" ";"2010"
" ";" ";"A KMETIJSTVO IN LOV, GOZDARSTVO, RIBIŠTVO"
" ";" ";" ";"Izobrazba - SKUPAJ";1175
" ";" ";"B RUDARSTVO"
" ";" ";" ";"Izobrazba - SKUPAJ";1717
" ";" ";"C PREDELOVALNE DEJAVNOSTI"
" ";" ";" ";"Izobrazba - SKUPAJ";1206
" ";" ";"D OSKRBA Z ELEKTRIÈNO ENERGIJO, PLINOM IN PARO"
" ";" ";" ";"Izobrazba - SKUPAJ";2022
" ";" ";"E OSKRBA Z VODO, RAVNANJE Z ODPLAKAMI IN ODPADKI, SANIRANJE OKOLJA"
" ";" ";" ";"Izobrazba - SKUPAJ";1648
" ";" ";"F GRADBENIŠTVO"
" ";" ";" ";"Izobrazba - SKUPAJ";1410
" ";" ";"G TRGOVINA, VZDRŽEVANJE IN POPRAVILA MOTORNIH VOZIL"
" ";" ";" ";"Izobrazba - SKUPAJ";1264
" ";" ";"H PROMET IN SKLADIŠÈENJE"
" ";" ";" ";"Izobrazba - SKUPAJ";1516
" ";" ";"I GOSTINSTVO"
" ";" ";" ";"Izobrazba - SKUPAJ";1032
" ";" ";"J INFORMACIJSKE IN KOMUNIKACIJSKE DEJAVNOSTI"
" ";" ";" ";"Izobrazba - SKUPAJ";1937
" ";" ";"K FINANÈNE IN ZAVAROVALNIŠKE DEJAVNOSTI"
" ";" ";" ";"Izobrazba - SKUPAJ";1959
" ";" ";"L POSLOVANJE Z NEPREMIÈNINAMI"
" ";" ";" ";"Izobrazba - SKUPAJ";1436
" ";" ";"M STROKOVNE, ZNANSTVENE IN TEHNIÈNE DEJAVNOSTI"
" ";" ";" ";"Izobrazba - SKUPAJ";1708
" ";" ";"N DRUGE RAZNOVRSTNE POSLOVNE DEJAVNOSTI"
" ";" ";" ";"Izobrazba - SKUPAJ";955
" ";" ";"O DEJAVNOST JAVNE UPRAVE IN OBRAMBE, DEJAVNOST OBVEZNE SOCIALNE VARNOSTI"
" ";" ";" ";"Izobrazba - SKUPAJ";1759
" ";" ";"P IZOBRAŽEVANJE"
" ";" ";" ";"Izobrazba - SKUPAJ";1766
" ";" ";"Q ZDRAVSTVO IN SOCIALNO VARSTVO"
" ";" ";" ";"Izobrazba - SKUPAJ";1673
" ";" ";"R KULTURNE, RAZVEDRILNE IN REKREACIJSKE DEJAVNOSTI"
" ";" ";" ";"Izobrazba - SKUPAJ";1717
" ";" ";"S DRUGE DEJAVNOSTI"
" ";" ";" ";"Izobrazba - SKUPAJ";1201
" ";" ";"T DEJAVNOST GOSPODINJSTEV Z ZAPOSLENIM HIŠNIM OSEBJEM, PROIZVODNJA ZA LASTNO RABO"
" ";" ";" ";"Izobrazba - SKUPAJ";-
" ";" ";"U DEJAVNOST EKSTERITORIALNIH ORGANIZACIJ IN TELES"
" ";" ";" ";"Izobrazba - SKUPAJ";-
" ";"2011"
" ";" ";"A KMETIJSTVO IN LOV, GOZDARSTVO, RIBIŠTVO"
" ";" ";" ";"Izobrazba - SKUPAJ";1219
" ";" ";"B RUDARSTVO"
" ";" ";" ";"Izobrazba - SKUPAJ";1795
" ";" ";"C PREDELOVALNE DEJAVNOSTI"
" ";" ";" ";"Izobrazba - SKUPAJ";1264
" ";" ";"D OSKRBA Z ELEKTRIÈNO ENERGIJO, PLINOM IN PARO"
" ";" ";" ";"Izobrazba - SKUPAJ";2151
" ";" ";"E OSKRBA Z VODO, RAVNANJE Z ODPLAKAMI IN ODPADKI, SANIRANJE OKOLJA"
" ";" ";" ";"Izobrazba - SKUPAJ";1675
" ";" ";"F GRADBENIŠTVO"
" ";" ";" ";"Izobrazba - SKUPAJ";1418
" ";" ";"G TRGOVINA, VZDRŽEVANJE IN POPRAVILA MOTORNIH VOZIL"
" ";" ";" ";"Izobrazba - SKUPAJ";1304
" ";" ";"H PROMET IN SKLADIŠÈENJE"
" ";" ";" ";"Izobrazba - SKUPAJ";1574
" ";" ";"I GOSTINSTVO"
" ";" ";" ";"Izobrazba - SKUPAJ";1077
" ";" ";"J INFORMACIJSKE IN KOMUNIKACIJSKE DEJAVNOSTI"
" ";" ";" ";"Izobrazba - SKUPAJ";1936
" ";" ";"K FINANÈNE IN ZAVAROVALNIŠKE DEJAVNOSTI"
" ";" ";" ";"Izobrazba - SKUPAJ";2003
" ";" ";"L POSLOVANJE Z NEPREMIÈNINAMI"
" ";" ";" ";"Izobrazba - SKUPAJ";1489
" ";" ";"M STROKOVNE, ZNANSTVENE IN TEHNIÈNE DEJAVNOSTI"
" ";" ";" ";"Izobrazba - SKUPAJ";1754
" ";" ";"N DRUGE RAZNOVRSTNE POSLOVNE DEJAVNOSTI"
" ";" ";" ";"Izobrazba - SKUPAJ";1009
" ";" ";"O DEJAVNOST JAVNE UPRAVE IN OBRAMBE, DEJAVNOST OBVEZNE SOCIALNE VARNOSTI"
" ";" ";" ";"Izobrazba - SKUPAJ";1778
" ";" ";"P IZOBRAŽEVANJE"
" ";" ";" ";"Izobrazba - SKUPAJ";1778
" ";" ";"Q ZDRAVSTVO IN SOCIALNO VARSTVO"
" ";" ";" ";"Izobrazba - SKUPAJ";1685
" ";" ";"R KULTURNE, RAZVEDRILNE IN REKREACIJSKE DEJAVNOSTI"
" ";" ";" ";"Izobrazba - SKUPAJ";1726
" ";" ";"S DRUGE DEJAVNOSTI"
" ";" ";" ";"Izobrazba - SKUPAJ";1274
" ";" ";"T DEJAVNOST GOSPODINJSTEV Z ZAPOSLENIM HIŠNIM OSEBJEM, PROIZVODNJA ZA LASTNO RABO"
" ";" ";" ";"Izobrazba - SKUPAJ";-
" ";" ";"U DEJAVNOST EKSTERITORIALNIH ORGANIZACIJ IN TELES"
" ";" ";" ";"Izobrazba - SKUPAJ";-
" ";"2012"
" ";" ";"A KMETIJSTVO IN LOV, GOZDARSTVO, RIBIŠTVO"
" ";" ";" ";"Izobrazba - SKUPAJ";1219
" ";" ";"B RUDARSTVO"
" ";" ";" ";"Izobrazba - SKUPAJ";1847
" ";" ";"C PREDELOVALNE DEJAVNOSTI"
" ";" ";" ";"Izobrazba - SKUPAJ";1313
" ";" ";"D OSKRBA Z ELEKTRIÈNO ENERGIJO, PLINOM IN PARO"
" ";" ";" ";"Izobrazba - SKUPAJ";2165
" ";" ";"E OSKRBA Z VODO, RAVNANJE Z ODPLAKAMI IN ODPADKI, SANIRANJE OKOLJA"
" ";" ";" ";"Izobrazba - SKUPAJ";1672
" ";" ";"F GRADBENIŠTVO"
" ";" ";" ";"Izobrazba - SKUPAJ";1429
" ";" ";"G TRGOVINA, VZDRŽEVANJE IN POPRAVILA MOTORNIH VOZIL"
" ";" ";" ";"Izobrazba - SKUPAJ";1335
" ";" ";"H PROMET IN SKLADIŠÈENJE"
" ";" ";" ";"Izobrazba - SKUPAJ";1619
" ";" ";"I GOSTINSTVO"
" ";" ";" ";"Izobrazba - SKUPAJ";1090
" ";" ";"J INFORMACIJSKE IN KOMUNIKACIJSKE DEJAVNOSTI"
" ";" ";" ";"Izobrazba - SKUPAJ";1999
" ";" ";"K FINANÈNE IN ZAVAROVALNIŠKE DEJAVNOSTI"
" ";" ";" ";"Izobrazba - SKUPAJ";2040
" ";" ";"L POSLOVANJE Z NEPREMIÈNINAMI"
" ";" ";" ";"Izobrazba - SKUPAJ";1519
" ";" ";"M STROKOVNE, ZNANSTVENE IN TEHNIÈNE DEJAVNOSTI"
" ";" ";" ";"Izobrazba - SKUPAJ";1796
" ";" ";"N DRUGE RAZNOVRSTNE POSLOVNE DEJAVNOSTI"
" ";" ";" ";"Izobrazba - SKUPAJ";1047
" ";" ";"O DEJAVNOST JAVNE UPRAVE IN OBRAMBE, DEJAVNOST OBVEZNE SOCIALNE VARNOSTI"
" ";" ";" ";"Izobrazba - SKUPAJ";1730
" ";" ";"P IZOBRAŽEVANJE"
" ";" ";" ";"Izobrazba - SKUPAJ";1737
" ";" ";"Q ZDRAVSTVO IN SOCIALNO VARSTVO"
" ";" ";" ";"Izobrazba - SKUPAJ";1677
" ";" ";"R KULTURNE, RAZVEDRILNE IN REKREACIJSKE DEJAVNOSTI"
" ";" ";" ";"Izobrazba - SKUPAJ";1704
" ";" ";"S DRUGE DEJAVNOSTI"
" ";" ";" ";"Izobrazba - SKUPAJ";1294
" ";" ";"T DEJAVNOST GOSPODINJSTEV Z ZAPOSLENIM HIŠNIM OSEBJEM, PROIZVODNJA ZA LASTNO RABO"
" ";" ";" ";"Izobrazba - SKUPAJ";-
" ";" ";"U DEJAVNOST EKSTERITORIALNIH ORGANIZACIJ IN TELES"
" ";" ";" ";"Izobrazba - SKUPAJ";-
" ";"2013"
" ";" ";"A KMETIJSTVO IN LOV, GOZDARSTVO, RIBIŠTVO"
" ";" ";" ";"Izobrazba - SKUPAJ";1210
" ";" ";"B RUDARSTVO"
" ";" ";" ";"Izobrazba - SKUPAJ";1835
" ";" ";"C PREDELOVALNE DEJAVNOSTI"
" ";" ";" ";"Izobrazba - SKUPAJ";1336
" ";" ";"D OSKRBA Z ELEKTRIÈNO ENERGIJO, PLINOM IN PARO"
" ";" ";" ";"Izobrazba - SKUPAJ";2226
" ";" ";"E OSKRBA Z VODO, RAVNANJE Z ODPLAKAMI IN ODPADKI, SANIRANJE OKOLJA"
" ";" ";" ";"Izobrazba - SKUPAJ";1646
" ";" ";"F GRADBENIŠTVO"
" ";" ";" ";"Izobrazba - SKUPAJ";1424
" ";" ";"G TRGOVINA, VZDRŽEVANJE IN POPRAVILA MOTORNIH VOZIL"
" ";" ";" ";"Izobrazba - SKUPAJ";1351
" ";" ";"H PROMET IN SKLADIŠÈENJE"
" ";" ";" ";"Izobrazba - SKUPAJ";1589
" ";" ";"I GOSTINSTVO"
" ";" ";" ";"Izobrazba - SKUPAJ";1105
" ";" ";"J INFORMACIJSKE IN KOMUNIKACIJSKE DEJAVNOSTI"
" ";" ";" ";"Izobrazba - SKUPAJ";1993
" ";" ";"K FINANÈNE IN ZAVAROVALNIŠKE DEJAVNOSTI"
" ";" ";" ";"Izobrazba - SKUPAJ";2028
" ";" ";"L POSLOVANJE Z NEPREMIÈNINAMI"
" ";" ";" ";"Izobrazba - SKUPAJ";1583
" ";" ";"M STROKOVNE, ZNANSTVENE IN TEHNIÈNE DEJAVNOSTI"
" ";" ";" ";"Izobrazba - SKUPAJ";1775
" ";" ";"N DRUGE RAZNOVRSTNE POSLOVNE DEJAVNOSTI"
" ";" ";" ";"Izobrazba - SKUPAJ";1052
" ";" ";"O DEJAVNOST JAVNE UPRAVE IN OBRAMBE, DEJAVNOST OBVEZNE SOCIALNE VARNOSTI"
" ";" ";" ";"Izobrazba - SKUPAJ";1759
" ";" ";"P IZOBRAŽEVANJE"
" ";" ";" ";"Izobrazba - SKUPAJ";1679
" ";" ";"Q ZDRAVSTVO IN SOCIALNO VARSTVO"
" ";" ";" ";"Izobrazba - SKUPAJ";1661
" ";" ";"R KULTURNE, RAZVEDRILNE IN REKREACIJSKE DEJAVNOSTI"
" ";" ";" ";"Izobrazba - SKUPAJ";1668
" ";" ";"S DRUGE DEJAVNOSTI"
" ";" ";" ";"Izobrazba - SKUPAJ";1297
" ";" ";"T DEJAVNOST GOSPODINJSTEV Z ZAPOSLENIM HIŠNIM OSEBJEM, PROIZVODNJA ZA LASTNO RABO"
" ";" ";" ";"Izobrazba - SKUPAJ";-
" ";" ";"U DEJAVNOST EKSTERITORIALNIH ORGANIZACIJ IN TELES"
" ";" ";" ";"Izobrazba - SKUPAJ";-
" ";"2014"
" ";" ";"A KMETIJSTVO IN LOV, GOZDARSTVO, RIBIŠTVO"
" ";" ";" ";"Izobrazba - SKUPAJ";1235
" ";" ";"B RUDARSTVO"
" ";" ";" ";"Izobrazba - SKUPAJ";1954
" ";" ";"C PREDELOVALNE DEJAVNOSTI"
" ";" ";" ";"Izobrazba - SKUPAJ";1394
" ";" ";"D OSKRBA Z ELEKTRIÈNO ENERGIJO, PLINOM IN PARO"
" ";" ";" ";"Izobrazba - SKUPAJ";2252
" ";" ";"E OSKRBA Z VODO, RAVNANJE Z ODPLAKAMI IN ODPADKI, SANIRANJE OKOLJA"
" ";" ";" ";"Izobrazba - SKUPAJ";1730
" ";" ";"F GRADBENIŠTVO"
" ";" ";" ";"Izobrazba - SKUPAJ";1435
" ";" ";"G TRGOVINA, VZDRŽEVANJE IN POPRAVILA MOTORNIH VOZIL"
" ";" ";" ";"Izobrazba - SKUPAJ";1382
" ";" ";"H PROMET IN SKLADIŠÈENJE"
" ";" ";" ";"Izobrazba - SKUPAJ";1624
" ";" ";"I GOSTINSTVO"
" ";" ";" ";"Izobrazba - SKUPAJ";1116
" ";" ";"J INFORMACIJSKE IN KOMUNIKACIJSKE DEJAVNOSTI"
" ";" ";" ";"Izobrazba - SKUPAJ";2007
" ";" ";"K FINANÈNE IN ZAVAROVALNIŠKE DEJAVNOSTI"
" ";" ";" ";"Izobrazba - SKUPAJ";2066
" ";" ";"L POSLOVANJE Z NEPREMIÈNINAMI"
" ";" ";" ";"Izobrazba - SKUPAJ";1558
" ";" ";"M STROKOVNE, ZNANSTVENE IN TEHNIÈNE DEJAVNOSTI"
" ";" ";" ";"Izobrazba - SKUPAJ";1813
" ";" ";"N DRUGE RAZNOVRSTNE POSLOVNE DEJAVNOSTI"
" ";" ";" ";"Izobrazba - SKUPAJ";1090
" ";" ";"O DEJAVNOST JAVNE UPRAVE IN OBRAMBE, DEJAVNOST OBVEZNE SOCIALNE VARNOSTI"
" ";" ";" ";"Izobrazba - SKUPAJ";1760
" ";" ";"P IZOBRAŽEVANJE"
" ";" ";" ";"Izobrazba - SKUPAJ";1710
" ";" ";"Q ZDRAVSTVO IN SOCIALNO VARSTVO"
" ";" ";" ";"Izobrazba - SKUPAJ";1712
" ";" ";"R KULTURNE, RAZVEDRILNE IN REKREACIJSKE DEJAVNOSTI"
" ";" ";" ";"Izobrazba - SKUPAJ";1694
" ";" ";"S DRUGE DEJAVNOSTI"
" ";" ";" ";"Izobrazba - SKUPAJ";1309
" ";" ";"T DEJAVNOST GOSPODINJSTEV Z ZAPOSLENIM HIŠNIM OSEBJEM, PROIZVODNJA ZA LASTNO RABO"
" ";" ";" ";"Izobrazba - SKUPAJ";-
" ";" ";"U DEJAVNOST EKSTERITORIALNIH ORGANIZACIJ IN TELES"
" ";" ";" ";"Izobrazba - SKUPAJ";-
" ";"2015"
" ";" ";"A KMETIJSTVO IN LOV, GOZDARSTVO, RIBIŠTVO"
" ";" ";" ";"Izobrazba - SKUPAJ";1243
" ";" ";"B RUDARSTVO"
" ";" ";" ";"Izobrazba - SKUPAJ";1827
" ";" ";"C PREDELOVALNE DEJAVNOSTI"
" ";" ";" ";"Izobrazba - SKUPAJ";1430
" ";" ";"D OSKRBA Z ELEKTRIÈNO ENERGIJO, PLINOM IN PARO"
" ";" ";" ";"Izobrazba - SKUPAJ";2253
" ";" ";"E OSKRBA Z VODO, RAVNANJE Z ODPLAKAMI IN ODPADKI, SANIRANJE OKOLJA"
" ";" ";" ";"Izobrazba - SKUPAJ";1725
" ";" ";"F GRADBENIŠTVO"
" ";" ";" ";"Izobrazba - SKUPAJ";1446
" ";" ";"G TRGOVINA, VZDRŽEVANJE IN POPRAVILA MOTORNIH VOZIL"
" ";" ";" ";"Izobrazba - SKUPAJ";1404
" ";" ";"H PROMET IN SKLADIŠÈENJE"
" ";" ";" ";"Izobrazba - SKUPAJ";1658
" ";" ";"I GOSTINSTVO"
" ";" ";" ";"Izobrazba - SKUPAJ";1128
" ";" ";"J INFORMACIJSKE IN KOMUNIKACIJSKE DEJAVNOSTI"
" ";" ";" ";"Izobrazba - SKUPAJ";2001
" ";" ";"K FINANÈNE IN ZAVAROVALNIŠKE DEJAVNOSTI"
" ";" ";" ";"Izobrazba - SKUPAJ";2130
" ";" ";"L POSLOVANJE Z NEPREMIÈNINAMI"
" ";" ";" ";"Izobrazba - SKUPAJ";1598
" ";" ";"M STROKOVNE, ZNANSTVENE IN TEHNIÈNE DEJAVNOSTI"
" ";" ";" ";"Izobrazba - SKUPAJ";1833
" ";" ";"N DRUGE RAZNOVRSTNE POSLOVNE DEJAVNOSTI"
" ";" ";" ";"Izobrazba - SKUPAJ";1113
" ";" ";"O DEJAVNOST JAVNE UPRAVE IN OBRAMBE, DEJAVNOST OBVEZNE SOCIALNE VARNOSTI"
" ";" ";" ";"Izobrazba - SKUPAJ";1791
" ";" ";"P IZOBRAŽEVANJE"
" ";" ";" ";"Izobrazba - SKUPAJ";1705
" ";" ";"Q ZDRAVSTVO IN SOCIALNO VARSTVO"
" ";" ";" ";"Izobrazba - SKUPAJ";1681
" ";" ";"R KULTURNE, RAZVEDRILNE IN REKREACIJSKE DEJAVNOSTI"
" ";" ";" ";"Izobrazba - SKUPAJ";1678
" ";" ";"S DRUGE DEJAVNOSTI"
" ";" ";" ";"Izobrazba - SKUPAJ";1317
" ";" ";"T DEJAVNOST GOSPODINJSTEV Z ZAPOSLENIM HIŠNIM OSEBJEM, PROIZVODNJA ZA LASTNO RABO"
" ";" ";" ";"Izobrazba - SKUPAJ";-
" ";" ";"U DEJAVNOST EKSTERITORIALNIH ORGANIZACIJ IN TELES"
" ";" ";" ";"Izobrazba - SKUPAJ";-
" ";"2016"
" ";" ";"A KMETIJSTVO IN LOV, GOZDARSTVO, RIBIŠTVO"
" ";" ";" ";"Izobrazba - SKUPAJ";1245
" ";" ";"B RUDARSTVO"
" ";" ";" ";"Izobrazba - SKUPAJ";1881
" ";" ";"C PREDELOVALNE DEJAVNOSTI"
" ";" ";" ";"Izobrazba - SKUPAJ";1450
" ";" ";"D OSKRBA Z ELEKTRIÈNO ENERGIJO, PLINOM IN PARO"
" ";" ";" ";"Izobrazba - SKUPAJ";2257
" ";" ";"E OSKRBA Z VODO, RAVNANJE Z ODPLAKAMI IN ODPADKI, SANIRANJE OKOLJA"
" ";" ";" ";"Izobrazba - SKUPAJ";1754
" ";" ";"F GRADBENIŠTVO"
" ";" ";" ";"Izobrazba - SKUPAJ";1465
" ";" ";"G TRGOVINA, VZDRŽEVANJE IN POPRAVILA MOTORNIH VOZIL"
" ";" ";" ";"Izobrazba - SKUPAJ";1434
" ";" ";"H PROMET IN SKLADIŠÈENJE"
" ";" ";" ";"Izobrazba - SKUPAJ";1677
" ";" ";"I GOSTINSTVO"
" ";" ";" ";"Izobrazba - SKUPAJ";1148
" ";" ";"J INFORMACIJSKE IN KOMUNIKACIJSKE DEJAVNOSTI"
" ";" ";" ";"Izobrazba - SKUPAJ";2033
" ";" ";"K FINANÈNE IN ZAVAROVALNIŠKE DEJAVNOSTI"
" ";" ";" ";"Izobrazba - SKUPAJ";2161
" ";" ";"L POSLOVANJE Z NEPREMIÈNINAMI"
" ";" ";" ";"Izobrazba - SKUPAJ";1607
" ";" ";"M STROKOVNE, ZNANSTVENE IN TEHNIÈNE DEJAVNOSTI"
" ";" ";" ";"Izobrazba - SKUPAJ";1841
" ";" ";"N DRUGE RAZNOVRSTNE POSLOVNE DEJAVNOSTI"
" ";" ";" ";"Izobrazba - SKUPAJ";1129
" ";" ";"O DEJAVNOST JAVNE UPRAVE IN OBRAMBE, DEJAVNOST OBVEZNE SOCIALNE VARNOSTI"
" ";" ";" ";"Izobrazba - SKUPAJ";1868
" ";" ";"P IZOBRAŽEVANJE"
" ";" ";" ";"Izobrazba - SKUPAJ";1734
" ";" ";"Q ZDRAVSTVO IN SOCIALNO VARSTVO"
" ";" ";" ";"Izobrazba - SKUPAJ";1732
" ";" ";"R KULTURNE, RAZVEDRILNE IN REKREACIJSKE DEJAVNOSTI"
" ";" ";" ";"Izobrazba - SKUPAJ";1730
" ";" ";"S DRUGE DEJAVNOSTI"
" ";" ";" ";"Izobrazba - SKUPAJ";1319
" ";" ";"T DEJAVNOST GOSPODINJSTEV Z ZAPOSLENIM HIŠNIM OSEBJEM, PROIZVODNJA ZA LASTNO RABO"
" ";" ";" ";"Izobrazba - SKUPAJ";-
" ";" ";"U DEJAVNOST EKSTERITORIALNIH ORGANIZACIJ IN TELES"
" ";" ";" ";"Izobrazba - SKUPAJ";-

"Vir: Statistièni urad Republike Slovenije."

"Povezane vsebine: "
"- (seznam "
"HREF=http://www.stat.si/StatWeb/Common/PrikaziDokument.ashx?IdDatotek-"
"e=8153 target=_blank) Metodološka pojasnila "

"Podatki za leto 2017 so zaèasni."

